<?xml version="1.0" encoding="UTF-8" standalone="yes"?>
<addon id="plugin.video.PlayNow" name="PlayNow" version="1.0.0" provider-name="PlayNow"> 
<requires>
    <import addon="xbmc.python" version="3.0.0"/>
    <import addon="script.module.requests"/>
    <import addon="script.module.simplejson"/>
	<import addon="script.module.kodi-six" />
</requires>  
<extension point="xbmc.python.pluginsource" library="default.py">
	<provides>video</provides>
</extension>

<extension point="xbmc.addon.repository" name="Repositório Exemplo">
	<info compressed="false"></info>
	<checksum></checksum>
    <datadir zip="true"></datadir>
</extension>

<extension point="xbmc.addon.metadata">
    <summary lang="en">Tenha o melhor conteudo de streaming para o seu Kodi.</summary>
    <description lang="en">O melhor conteudo do cinema pra você e sua familia.</description>
     <disclaimer lang="en">Não fazemos parte da equipe do kodi, utilizamos links de terceiros, portanto não nos responsabilizamos por eles.</disclaimer>
	 	<news>V1.0.0 - Criação de Addon.</news>
	<platform>all</platform>
    <assets>
	<icon>icon.png</icon>
    <fanart>fanart.png</fanart>
    <screenshot>resources/screenshots/01.jpg</screenshot>
    <screenshot>resources/screenshots/02.jpg</screenshot>
    <screenshot>resources/screenshots/03.jpg</screenshot>

    </assets>
</extension>
</addon>




